USE the_walking_bugs;
GO
/*
------------------------------------------------------------------------------------------------
---------------------------------Inicializacion Roles-------------------------------------------
------------------------------------------------------------------------------------------------
*/
SET IDENTITY_INSERT Rol ON
INSERT INTO Rol(RolID,Name) 
VALUES (1,'Administrator')

INSERT INTO Rol(RolID,Name) 
VALUES (2,'SuperUser')

INSERT INTO Rol(RolID,Name) 
VALUES (3,'RegularUser')
SET IDENTITY_INSERT Rol off
/*
------------------------------------------------------------------------------------------------
---------------------------------Inicializacion Usuarios---------------------------------------
------------------------------------------------------------------------------------------------
*/
SET IDENTITY_INSERT System_Project_User ON
/*Adminnistradores*/
INSERT INTO System_Project_User(UserID, Name, LastName, UserLogin, UserPassword, RolID) 
VALUES (1,'Admin','Admin','Admin123','1234administrator',1)

INSERT INTO System_Project_User(UserID, Name, LastName, UserLogin, UserPassword, RolID) 
VALUES (2,'Brian','Perez','bp1992','02101992Pbrian',1)

/*SuperUser*/
INSERT INTO System_Project_User(UserID, Name, LastName, UserLogin, UserPassword, RolID) 
VALUES (3,'Juan','Mejia','elMejia123','789Mejia',2)

INSERT INTO System_Project_User(UserID, Name, LastName, UserLogin, UserPassword, RolID) 
VALUES (4,'Marcelo','Ramos','marshello56','mRamos789',2)

INSERT INTO System_Project_User(UserID, Name, LastName, UserLogin, UserPassword, RolID) 
VALUES (5,'Laura','Tucuman','laura123','123tucuman',2)

/*RegularUser*/
INSERT INTO System_Project_User(UserID, Name, LastName, UserLogin, UserPassword, RolID) 
VALUES (6,'Farid','Orellana','farid7456','F78945rid',3)

INSERT INTO System_Project_User(UserID, Name, LastName, UserLogin, UserPassword, RolID) 
VALUES (7,'Enayda','Quispe','enayda789','quisPe789',3)

INSERT INTO System_Project_User(UserID, Name, LastName, UserLogin, UserPassword, RolID) 
VALUES (8,'Lurdes','Choque','lurdesC123','789choquE',3)

INSERT INTO System_Project_User(UserID, Name, LastName, UserLogin, UserPassword, RolID) 
VALUES (9,'Fernando','Orellana','FOrellana','Fer758Or',3)

INSERT INTO System_Project_User(UserID, Name, LastName, UserLogin, UserPassword, RolID) 
VALUES (10,'Carla','Valdez','carlitaV','Car758Or',3)
SET IDENTITY_INSERT System_Project_User off

/*
------------------------------------------------------------------------------------------------
---------------------------------Inicializacion Empleados---------------------------------------
------------------------------------------------------------------------------------------------
*/
USE the_walking_bugs;
GO
SET IDENTITY_INSERT [dbo].[Employee] ON
INSERT INTO [dbo].[Employee](EmployeeID, Name,LastName,EmployeeAddress,CI,Phone,CivilState,BirthDate,DependenciesAmount,Experience,Gender,ProfileImage,Email)
VALUES (1,'Monica','Morales','Av.Blanco Galindo#719',7930324,4554055,'Soltero/a','1987-5-23',2,'Ninguna','Femenino',NULL,'MonMor4554055@gmail.com')
INSERT INTO [dbo].[Employee](EmployeeID, Name,LastName,EmployeeAddress,CI,Phone,CivilState,BirthDate,DependenciesAmount,Experience,Gender,ProfileImage,Email)
VALUES (2,'Milena','Benabides','Av.Beijing#968',7930325,4554056,'Casado/a','1992-4-30',0,'Ninguna','Femenino',NULL,'MilBen4554056@gmail.com')
INSERT INTO [dbo].[Employee](EmployeeID, Name,LastName,EmployeeAddress,CI,Phone,CivilState,BirthDate,DependenciesAmount,Experience,Gender,ProfileImage,Email)
VALUES (3,'Amelia','Abila','Av.Blanco Galindo#309',7930326,4554057,'Divorciado/a','1993-9-23',3,'Ninguna','Femenino',NULL,'AmeAbi4554057@gmail.com')
INSERT INTO [dbo].[Employee](EmployeeID, Name,LastName,EmployeeAddress,CI,Phone,CivilState,BirthDate,DependenciesAmount,Experience,Gender,ProfileImage,Email)
VALUES (4,'Sonia','Abendano','Av.Peru#568',7930327,4554058,'Viudo/a','1993-3-28',0,'Ninguna','Femenino',NULL,'SonAbe4554058@gmail.com')
INSERT INTO [dbo].[Employee](EmployeeID, Name,LastName,EmployeeAddress,CI,Phone,CivilState,BirthDate,DependenciesAmount,Experience,Gender,ProfileImage,Email)
VALUES (5,'Estrella','Samudio','Av.Blanco Galindo#137',7930328,4554059,'Soltero/a','1988-8-10',3,'Ninguna','Femenino',NULL,'EstSam4554059@gmail.com')
INSERT INTO [dbo].[Employee](EmployeeID, Name,LastName,EmployeeAddress,CI,Phone,CivilState,BirthDate,DependenciesAmount,Experience,Gender,ProfileImage,Email)
VALUES (6,'Jennifer','Cimental','Av.Peru#650',7930329,4554060,'Viudo/a','1987-1-20',1,'Ninguna','Femenino',NULL,'JenCim4554060@gmail.com')
INSERT INTO [dbo].[Employee](EmployeeID, Name,LastName,EmployeeAddress,CI,Phone,CivilState,BirthDate,DependenciesAmount,Experience,Gender,ProfileImage,Email)
VALUES (7,'Paulina','Abrego','Av.Oquendo#884',7930330,4554061,'Divorciado/a','1990-1-25',1,'Ninguna','Femenino',NULL,'PauAbr4554061@gmail.com')
INSERT INTO [dbo].[Employee](EmployeeID, Name,LastName,EmployeeAddress,CI,Phone,CivilState,BirthDate,DependenciesAmount,Experience,Gender,ProfileImage,Email)
VALUES (8,'Gemma','Samudio','Av.Beijing#567',7930331,4554062,'Soltero/a','1987-4-25',1,'Ninguna','Femenino',NULL,'GemSam4554062@gmail.com')
INSERT INTO [dbo].[Employee](EmployeeID, Name,LastName,EmployeeAddress,CI,Phone,CivilState,BirthDate,DependenciesAmount,Experience,Gender,ProfileImage,Email)
VALUES (9,'Victoria','Samaniego','Av.America#302',7930332,4554063,'Soltero/a','1989-12-26',2,'Ninguna','Femenino',NULL,'VicSam4554063@gmail.com')
INSERT INTO [dbo].[Employee](EmployeeID, Name,LastName,EmployeeAddress,CI,Phone,CivilState,BirthDate,DependenciesAmount,Experience,Gender,ProfileImage,Email)
VALUES (10,'Nazaret','Montion','Av.Blanco Galindo#163',7930333,4554064,'Viudo/a','1984-7-18',2,'Ninguna','Femenino',NULL,'NazMon4554064@gmail.com')
INSERT INTO [dbo].[Employee](EmployeeID, Name,LastName,EmployeeAddress,CI,Phone,CivilState,BirthDate,DependenciesAmount,Experience,Gender,ProfileImage,Email)
VALUES (11,'Tatiana','Morado','Av.Oquendo#717',7930334,4554065,'Casado/a','1981-7-24',0,'Ninguna','Femenino',NULL,'TatMor4554065@gmail.com')
INSERT INTO [dbo].[Employee](EmployeeID, Name,LastName,EmployeeAddress,CI,Phone,CivilState,BirthDate,DependenciesAmount,Experience,Gender,ProfileImage,Email)
VALUES (12,'Elena','Moreno','Av.Ustariz#558',7930335,4554066,'Casado/a','1989-11-6',2,'Ninguna','Femenino',NULL,'EleMor4554066@gmail.com')
INSERT INTO [dbo].[Employee](EmployeeID, Name,LastName,EmployeeAddress,CI,Phone,CivilState,BirthDate,DependenciesAmount,Experience,Gender,ProfileImage,Email)
VALUES (13,'Magdalena','Montion','Av.Oquendo#147',7930336,4554067,'Casado/a','1991-8-26',3,'Ninguna','Femenino',NULL,'MagMon4554067@gmail.com')
INSERT INTO [dbo].[Employee](EmployeeID, Name,LastName,EmployeeAddress,CI,Phone,CivilState,BirthDate,DependenciesAmount,Experience,Gender,ProfileImage,Email)
VALUES (14,'Alba','Vallesa','Av.San Martin#494',7930337,4554068,'Divorciado/a','1995-7-16',1,'Ninguna','Femenino',NULL,'AlbVal4554068@gmail.com')
INSERT INTO [dbo].[Employee](EmployeeID, Name,LastName,EmployeeAddress,CI,Phone,CivilState,BirthDate,DependenciesAmount,Experience,Gender,ProfileImage,Email)
VALUES (15,'Tea','Vallesa','Av.America#537',7930338,4554069,'Casado/a','1993-4-22',3,'Ninguna','Femenino',NULL,'TeaVal4554069@gmail.com')
INSERT INTO [dbo].[Employee](EmployeeID, Name,LastName,EmployeeAddress,CI,Phone,CivilState,BirthDate,DependenciesAmount,Experience,Gender,ProfileImage,Email)
VALUES (16,'Jacinta','Montion','Av.Heroinas#330',7930339,4554070,'Viudo/a','1986-5-14',0,'Ninguna','Femenino',NULL,'JacMon4554070@gmail.com')
INSERT INTO [dbo].[Employee](EmployeeID, Name,LastName,EmployeeAddress,CI,Phone,CivilState,BirthDate,DependenciesAmount,Experience,Gender,ProfileImage,Email)
VALUES (17,'Nazaret','Clemente','Av.Libertadores#563',7930340,4554071,'Divorciado/a','1992-12-28',3,'Ninguna','Femenino',NULL,'NazCle4554071@gmail.com')
INSERT INTO [dbo].[Employee](EmployeeID, Name,LastName,EmployeeAddress,CI,Phone,CivilState,BirthDate,DependenciesAmount,Experience,Gender,ProfileImage,Email)
VALUES (18,'Felicidad','Montolla','Av.Heroinas#322',7930341,4554072,'Soltero/a','1981-6-22',0,'Ninguna','Femenino',NULL,'FelMon4554072@gmail.com')
INSERT INTO [dbo].[Employee](EmployeeID, Name,LastName,EmployeeAddress,CI,Phone,CivilState,BirthDate,DependenciesAmount,Experience,Gender,ProfileImage,Email)
VALUES (19,'Ursula','Abendano','Av.Beijing#742',7930342,4554073,'Viudo/a','1986-1-2',2,'Ninguna','Femenino',NULL,'UrsAbe4554073@gmail.com')
INSERT INTO [dbo].[Employee](EmployeeID, Name,LastName,EmployeeAddress,CI,Phone,CivilState,BirthDate,DependenciesAmount,Experience,Gender,ProfileImage,Email)
VALUES (20,'Estibaliz','Abina','Av.Blanco Galindo#977',7930343,4554074,'Soltero/a','1988-1-4',1,'Ninguna','Femenino',NULL,'EstAbi4554074@gmail.com')
INSERT INTO [dbo].[Employee](EmployeeID, Name,LastName,EmployeeAddress,CI,Phone,CivilState,BirthDate,DependenciesAmount,Experience,Gender,ProfileImage,Email)
VALUES (21,'Leda','Morado','Av.San Martin#311',7930344,4554075,'Viudo/a','1988-1-21',0,'Ninguna','Femenino',NULL,'LedMor4554075@gmail.com')
INSERT INTO [dbo].[Employee](EmployeeID, Name,LastName,EmployeeAddress,CI,Phone,CivilState,BirthDate,DependenciesAmount,Experience,Gender,ProfileImage,Email)
VALUES (22,'Jennifer','Valle','Av.America#336',7930345,4554076,'Divorciado/a','1995-9-17',1,'Ninguna','Femenino',NULL,'JenVal4554076@gmail.com')
INSERT INTO [dbo].[Employee](EmployeeID, Name,LastName,EmployeeAddress,CI,Phone,CivilState,BirthDate,DependenciesAmount,Experience,Gender,ProfileImage,Email)
VALUES (23,'Olga','Sanabria','Av.Oquendo#653',7930346,4554077,'Casado/a','1993-2-2',1,'Ninguna','Femenino',NULL,'OlgSan4554077@gmail.com')
INSERT INTO [dbo].[Employee](EmployeeID, Name,LastName,EmployeeAddress,CI,Phone,CivilState,BirthDate,DependenciesAmount,Experience,Gender,ProfileImage,Email)
VALUES (24,'Olga','Bera','Av.Pando#102',7930347,4554078,'Viudo/a','1987-4-6',1,'Ninguna','Femenino',NULL,'OlgBer4554078@gmail.com')
INSERT INTO [dbo].[Employee](EmployeeID, Name,LastName,EmployeeAddress,CI,Phone,CivilState,BirthDate,DependenciesAmount,Experience,Gender,ProfileImage,Email)
VALUES (25,'Sonia','Samores','Av.Ramon Rivero#340',7930348,4554079,'Soltero/a','1994-9-16',2,'Ninguna','Femenino',NULL,'SonSam4554079@gmail.com')
INSERT INTO [dbo].[Employee](EmployeeID, Name,LastName,EmployeeAddress,CI,Phone,CivilState,BirthDate,DependenciesAmount,Experience,Gender,ProfileImage,Email)
VALUES (26,'Claudia','Valentin','Av.Ramon Rivero#414',7930349,4554080,'Casado/a','1989-10-30',1,'Ninguna','Femenino',NULL,'ClaVal4554080@gmail.com')
INSERT INTO [dbo].[Employee](EmployeeID, Name,LastName,EmployeeAddress,CI,Phone,CivilState,BirthDate,DependenciesAmount,Experience,Gender,ProfileImage,Email)
VALUES (27,'Zoraida','Esquibel','Av.San Martin#664',7930350,4554081,'Casado/a','1989-9-16',0,'Ninguna','Femenino',NULL,'ZorEsq4554081@gmail.com')
INSERT INTO [dbo].[Employee](EmployeeID, Name,LastName,EmployeeAddress,CI,Phone,CivilState,BirthDate,DependenciesAmount,Experience,Gender,ProfileImage,Email)
VALUES (28,'Lidia','Esquivias','Av.Ramon Rivero#381',7930351,4554082,'Casado/a','1995-1-20',2,'Ninguna','Femenino',NULL,'LidEsq4554082@gmail.com')
INSERT INTO [dbo].[Employee](EmployeeID, Name,LastName,EmployeeAddress,CI,Phone,CivilState,BirthDate,DependenciesAmount,Experience,Gender,ProfileImage,Email)
VALUES (29,'Patricia','Belos','Av.Beijing#950',7930352,4554083,'Soltero/a','1987-8-16',3,'Ninguna','Femenino',NULL,'PatBel4554083@gmail.com')
INSERT INTO [dbo].[Employee](EmployeeID, Name,LastName,EmployeeAddress,CI,Phone,CivilState,BirthDate,DependenciesAmount,Experience,Gender,ProfileImage,Email)
VALUES (30,'Anastasia','Sanabia','Av.Ayacucho#467',7930353,4554084,'Viudo/a','1994-2-7',0,'Ninguna','Femenino',NULL,'AnaSan4554084@gmail.com')
INSERT INTO [dbo].[Employee](EmployeeID, Name,LastName,EmployeeAddress,CI,Phone,CivilState,BirthDate,DependenciesAmount,Experience,Gender,ProfileImage,Email)
VALUES (31,'Natacha','Abendano','Av.America#716',7930354,4554085,'Casado/a','1985-7-4',2,'Ninguna','Femenino',NULL,'NatAbe4554085@gmail.com')
INSERT INTO [dbo].[Employee](EmployeeID, Name,LastName,EmployeeAddress,CI,Phone,CivilState,BirthDate,DependenciesAmount,Experience,Gender,ProfileImage,Email)
VALUES (32,'Iris','Morelos','Av.Peru#629',7930355,4554086,'Viudo/a','1990-4-19',2,'Ninguna','Femenino',NULL,'IriMor4554086@gmail.com')
INSERT INTO [dbo].[Employee](EmployeeID, Name,LastName,EmployeeAddress,CI,Phone,CivilState,BirthDate,DependenciesAmount,Experience,Gender,ProfileImage,Email)
VALUES (33,'Jacinta','Clemente','Av.Heroinas#838',7930356,4554087,'Viudo/a','1986-8-1',0,'Ninguna','Femenino',NULL,'JacCle4554087@gmail.com')
INSERT INTO [dbo].[Employee](EmployeeID, Name,LastName,EmployeeAddress,CI,Phone,CivilState,BirthDate,DependenciesAmount,Experience,Gender,ProfileImage,Email)
VALUES (34,'Carla','Abendano','Av.Ayacucho#948',7930357,4554088,'Soltero/a','1995-8-13',3,'Ninguna','Femenino',NULL,'CarAbe4554088@gmail.com')
INSERT INTO [dbo].[Employee](EmployeeID, Name,LastName,EmployeeAddress,CI,Phone,CivilState,BirthDate,DependenciesAmount,Experience,Gender,ProfileImage,Email)
VALUES (35,'Rebeca','Esquibel','Av.Blanco Galindo#460',7930358,4554089,'Soltero/a','1990-12-15',0,'Ninguna','Femenino',NULL,'RebEsq4554089@gmail.com')
INSERT INTO [dbo].[Employee](EmployeeID, Name,LastName,EmployeeAddress,CI,Phone,CivilState,BirthDate,DependenciesAmount,Experience,Gender,ProfileImage,Email)
VALUES (36,'Rocio','Valle','Av.Ustariz#703',7930359,4554090,'Casado/a','1993-5-13',2,'Ninguna','Femenino',NULL,'RocVal4554090@gmail.com')
INSERT INTO [dbo].[Employee](EmployeeID, Name,LastName,EmployeeAddress,CI,Phone,CivilState,BirthDate,DependenciesAmount,Experience,Gender,ProfileImage,Email)
VALUES (37,'Nazaret','Vallejo','Av.Peru#832',7930360,4554091,'Viudo/a','1989-12-2',2,'Ninguna','Femenino',NULL,'NazVal4554091@gmail.com')
INSERT INTO [dbo].[Employee](EmployeeID, Name,LastName,EmployeeAddress,CI,Phone,CivilState,BirthDate,DependenciesAmount,Experience,Gender,ProfileImage,Email)
VALUES (38,'Leda','Abrego','Av.Pando#717',7930361,4554092,'Divorciado/a','1995-11-14',3,'Ninguna','Femenino',NULL,'LedAbr4554092@gmail.com')
INSERT INTO [dbo].[Employee](EmployeeID, Name,LastName,EmployeeAddress,CI,Phone,CivilState,BirthDate,DependenciesAmount,Experience,Gender,ProfileImage,Email)
VALUES (39,'Minerva','Bera','Av.Pando#433',7930362,4554093,'Soltero/a','1988-7-20',0,'Ninguna','Femenino',NULL,'MinBer4554093@gmail.com')
INSERT INTO [dbo].[Employee](EmployeeID, Name,LastName,EmployeeAddress,CI,Phone,CivilState,BirthDate,DependenciesAmount,Experience,Gender,ProfileImage,Email)
VALUES (40,'Zoraida','Samarron','Av.Heroinas#935',7930363,4554094,'Viudo/a','1987-2-18',2,'Ninguna','Femenino',NULL,'ZorSam4554094@gmail.com')
INSERT INTO [dbo].[Employee](EmployeeID, Name,LastName,EmployeeAddress,CI,Phone,CivilState,BirthDate,DependenciesAmount,Experience,Gender,ProfileImage,Email)
VALUES (41,'Valeria','Abitua','Av.Ustariz#920',7930364,4554095,'Divorciado/a','1995-5-29',0,'Ninguna','Femenino',NULL,'ValAbi4554095@gmail.com')
INSERT INTO [dbo].[Employee](EmployeeID, Name,LastName,EmployeeAddress,CI,Phone,CivilState,BirthDate,DependenciesAmount,Experience,Gender,ProfileImage,Email)
VALUES (42,'Amelia','Montolla','Av.Beijing#359',7930365,4554096,'Viudo/a','1992-12-27',0,'Ninguna','Femenino',NULL,'AmeMon4554096@gmail.com')
INSERT INTO [dbo].[Employee](EmployeeID, Name,LastName,EmployeeAddress,CI,Phone,CivilState,BirthDate,DependenciesAmount,Experience,Gender,ProfileImage,Email)
VALUES (43,'Patricia','Espitia','Av.Heroinas#820',7930366,4554097,'Soltero/a','1990-6-20',2,'Ninguna','Femenino',NULL,'PatEsp4554097@gmail.com')
INSERT INTO [dbo].[Employee](EmployeeID, Name,LastName,EmployeeAddress,CI,Phone,CivilState,BirthDate,DependenciesAmount,Experience,Gender,ProfileImage,Email)
VALUES (44,'Jacinta','Moras','Av.Beijing#609',7930367,4554098,'Soltero/a','1991-12-10',1,'Ninguna','Femenino',NULL,'JacMor4554098@gmail.com')
INSERT INTO [dbo].[Employee](EmployeeID, Name,LastName,EmployeeAddress,CI,Phone,CivilState,BirthDate,DependenciesAmount,Experience,Gender,ProfileImage,Email)
VALUES (45,'Rosaura','Abad','Av.Pando#108',7930368,4554099,'Casado/a','1988-11-30',2,'Ninguna','Femenino',NULL,'RosAba4554099@gmail.com')
INSERT INTO [dbo].[Employee](EmployeeID, Name,LastName,EmployeeAddress,CI,Phone,CivilState,BirthDate,DependenciesAmount,Experience,Gender,ProfileImage,Email)
VALUES (46,'Erica','Morelos','Av.Pando#732',7930369,4554100,'Viudo/a','1981-8-9',1,'Ninguna','Femenino',NULL,'EriMor4554100@gmail.com')
INSERT INTO [dbo].[Employee](EmployeeID, Name,LastName,EmployeeAddress,CI,Phone,CivilState,BirthDate,DependenciesAmount,Experience,Gender,ProfileImage,Email)
VALUES (47,'Francisca','Aboites','Av.Beijing#374',7930370,4554101,'Soltero/a','1988-3-17',2,'Ninguna','Femenino',NULL,'FraAbo4554101@gmail.com')
INSERT INTO [dbo].[Employee](EmployeeID, Name,LastName,EmployeeAddress,CI,Phone,CivilState,BirthDate,DependenciesAmount,Experience,Gender,ProfileImage,Email)
VALUES (48,'Sara','Belos','Av.Oquendo#710',7930371,4554102,'Viudo/a','1986-3-17',3,'Ninguna','Femenino',NULL,'SarBel4554102@gmail.com')
INSERT INTO [dbo].[Employee](EmployeeID, Name,LastName,EmployeeAddress,CI,Phone,CivilState,BirthDate,DependenciesAmount,Experience,Gender,ProfileImage,Email)
 VALUES (49,'Zoraida','Morado','Av.Blanco Galindo#493',7930372,4554103,'Casado/a','1981-11-30',3,'Ninguna','Femenino',NULL,'ZorMor4554103@gmail.com')
 INSERT INTO [dbo].[Employee](EmployeeID, Name,LastName,EmployeeAddress,CI,Phone,CivilState,BirthDate,DependenciesAmount,Experience,Gender,ProfileImage,Email)
 VALUES (50,'Martina','Abitua','Av.Beijing#945',7930373,4554104,'Viudo/a','1985-1-18',3,'Ninguna','Femenino',NULL,'MarAbi4554104@gmail.com')
 INSERT INTO [dbo].[Employee](EmployeeID, Name,LastName,EmployeeAddress,CI,Phone,CivilState,BirthDate,DependenciesAmount,Experience,Gender,ProfileImage,Email)
 VALUES (51,'Alba','Clemente','Av.San Martin#105',7930374,4554105,'Divorciado/a','1988-6-25',0,'Ninguna','Femenino',NULL,'AlbCle4554105@gmail.com')
 INSERT INTO [dbo].[Employee](EmployeeID, Name,LastName,EmployeeAddress,CI,Phone,CivilState,BirthDate,DependenciesAmount,Experience,Gender,ProfileImage,Email)
 VALUES (52,'Paloma','Samorano','Av.Blanco Galindo#742',7930375,4554106,'Casado/a','1985-6-5',1,'Ninguna','Femenino',NULL,'PalSam4554106@gmail.com')
 INSERT INTO [dbo].[Employee](EmployeeID, Name,LastName,EmployeeAddress,CI,Phone,CivilState,BirthDate,DependenciesAmount,Experience,Gender,ProfileImage,Email)
 VALUES (53,'Natacha','Abad','Av.Blanco Galindo#757',7930376,4554107,'Soltero/a','1988-8-13',2,'Ninguna','Femenino',NULL,'NatAba4554107@gmail.com')
INSERT INTO [dbo].[Employee](EmployeeID, Name,LastName,EmployeeAddress,CI,Phone,CivilState,BirthDate,DependenciesAmount,Experience,Gender,ProfileImage,Email)
VALUES (54,'Nazaret','Montoya','Av.Ustariz#126',7930377,4554108,'Soltero/a','1992-5-8',3,'Ninguna','Femenino',NULL,'NazMon4554108@gmail.com')
INSERT INTO [dbo].[Employee](EmployeeID, Name,LastName,EmployeeAddress,CI,Phone,CivilState,BirthDate,DependenciesAmount,Experience,Gender,ProfileImage,Email)
VALUES (55,'Irene','Abonce','Av.Beijing#175',7930378,4554109,'Viudo/a','1983-5-14',1,'Ninguna','Femenino',NULL,'IreAbo4554109@gmail.com')
INSERT INTO [dbo].[Employee](EmployeeID, Name,LastName,EmployeeAddress,CI,Phone,CivilState,BirthDate,DependenciesAmount,Experience,Gender,ProfileImage,Email)
VALUES (56,'Silvia','Bentura','Av.Pando#950',7930379,4554110,'Casado/a','1988-5-29',0,'Ninguna','Femenino',NULL,'SilBen4554110@gmail.com')
INSERT INTO [dbo].[Employee](EmployeeID, Name,LastName,EmployeeAddress,CI,Phone,CivilState,BirthDate,DependenciesAmount,Experience,Gender,ProfileImage,Email)
VALUES (57,'Melisa','Esquibias','Av.Heroinas#119',7930380,4554111,'Casado/a','1986-1-29',0,'Ninguna','Femenino',NULL,'MelEsq4554111@gmail.com')
INSERT INTO [dbo].[Employee](EmployeeID, Name,LastName,EmployeeAddress,CI,Phone,CivilState,BirthDate,DependenciesAmount,Experience,Gender,ProfileImage,Email)
VALUES (58,'Veronica','Sanabria','Av.Ustariz#560',7930381,4554112,'Divorciado/a','1991-6-8',2,'Ninguna','Femenino',NULL,'VerSan4554112@gmail.com')
INSERT INTO [dbo].[Employee](EmployeeID, Name,LastName,EmployeeAddress,CI,Phone,CivilState,BirthDate,DependenciesAmount,Experience,Gender,ProfileImage,Email)
VALUES (59,'Pamela','Samora','Av.Ayacucho#473',7930382,4554113,'Viudo/a','1989-7-22',0,'Ninguna','Femenino',NULL,'PamSam4554113@gmail.com')
INSERT INTO [dbo].[Employee](EmployeeID, Name,LastName,EmployeeAddress,CI,Phone,CivilState,BirthDate,DependenciesAmount,Experience,Gender,ProfileImage,Email)
 VALUES (60,'Natacha','Samaniego','Av.Pando#846',7930383,4554114,'Viudo/a','1981-11-22',2,'Ninguna','Femenino',NULL,'NatSam4554114@gmail.com')
 INSERT INTO [dbo].[Employee](EmployeeID, Name,LastName,EmployeeAddress,CI,Phone,CivilState,BirthDate,DependenciesAmount,Experience,Gender,ProfileImage,Email)
 VALUES (61,'Ursula','Cisneros','Av.Pando#349',7930384,4554115,'Soltero/a','1994-10-10',2,'Ninguna','Femenino',NULL,'UrsCis4554115@gmail.com')
 INSERT INTO [dbo].[Employee](EmployeeID, Name,LastName,EmployeeAddress,CI,Phone,CivilState,BirthDate,DependenciesAmount,Experience,Gender,ProfileImage,Email)
 VALUES (62,'Daniela','Valle','Av.San Martin#122',7930385,4554116,'Viudo/a','1990-11-23',2,'Ninguna','Femenino',NULL,'DanVal4554116@gmail.com')
 INSERT INTO [dbo].[Employee](EmployeeID, Name,LastName,EmployeeAddress,CI,Phone,CivilState,BirthDate,DependenciesAmount,Experience,Gender,ProfileImage,Email)
 VALUES (63,'Erica','Benito','Av.Ramon Rivero#153',7930386,4554117,'Casado/a','1995-5-10',3,'Ninguna','Femenino',NULL,'EriBen4554117@gmail.com')
 INSERT INTO [dbo].[Employee](EmployeeID, Name,LastName,EmployeeAddress,CI,Phone,CivilState,BirthDate,DependenciesAmount,Experience,Gender,ProfileImage,Email)
 VALUES (64,'Olga','Moreno','Av.Ustariz#595',7930387,4554118,'Soltero/a','1982-7-12',3,'Ninguna','Femenino',NULL,'OlgMor4554118@gmail.com')
 INSERT INTO [dbo].[Employee](EmployeeID, Name,LastName,EmployeeAddress,CI,Phone,CivilState,BirthDate,DependenciesAmount,Experience,Gender,ProfileImage,Email)
 VALUES (65,'Gemma','Esquibel','Av.Blanco Galindo#660',7930388,4554119,'Casado/a','1991-11-18',1,'Ninguna','Femenino',NULL,'GemEsq4554119@gmail.com')
 INSERT INTO [dbo].[Employee](EmployeeID, Name,LastName,EmployeeAddress,CI,Phone,CivilState,BirthDate,DependenciesAmount,Experience,Gender,ProfileImage,Email)
 VALUES (66,'Magdalena','Valles','Av.Oquendo#801',7930389,4554120,'Soltero/a','1988-10-11',2,'Ninguna','Femenino',NULL,'MagVal4554120@gmail.com')
 INSERT INTO [dbo].[Employee](EmployeeID, Name,LastName,EmployeeAddress,CI,Phone,CivilState,BirthDate,DependenciesAmount,Experience,Gender,ProfileImage,Email)
 VALUES (67,'Lorete','Samudio','Av.Ramon Rivero#693',7930390,4554121,'Divorciado/a','1990-7-30',2,'Ninguna','Femenino',NULL,'LorSam4554121@gmail.com')
 INSERT INTO [dbo].[Employee](EmployeeID, Name,LastName,EmployeeAddress,CI,Phone,CivilState,BirthDate,DependenciesAmount,Experience,Gender,ProfileImage,Email)
 VALUES (68,'Vicky','Valle','Av.Ustariz#491',7930391,4554122,'Divorciado/a','1986-2-7',2,'Ninguna','Femenino',NULL,'VicVal4554122@gmail.com')
 INSERT INTO [dbo].[Employee](EmployeeID, Name,LastName,EmployeeAddress,CI,Phone,CivilState,BirthDate,DependenciesAmount,Experience,Gender,ProfileImage,Email)
 VALUES (69,'Veronica','Morales','Av.Ramon Rivero#120',7930392,4554123,'Casado/a','1995-4-4',1,'Ninguna','Femenino',NULL,'VerMor4554123@gmail.com')
 INSERT INTO [dbo].[Employee](EmployeeID, Name,LastName,EmployeeAddress,CI,Phone,CivilState,BirthDate,DependenciesAmount,Experience,Gender,ProfileImage,Email)
 VALUES (70,'Tatiana','Vallejo','Av.America#849',7930393,4554124,'Divorciado/a','1988-1-11',0,'Ninguna','Femenino',NULL,'TatVal4554124@gmail.com')
 INSERT INTO [dbo].[Employee](EmployeeID, Name,LastName,EmployeeAddress,CI,Phone,CivilState,BirthDate,DependenciesAmount,Experience,Gender,ProfileImage,Email)
 VALUES (71,'Micaela','Benites','Av.Ustariz#471',7930394,4554125,'Casado/a','1990-1-23',0,'Ninguna','Femenino',NULL,'MicBen4554125@gmail.com')
 INSERT INTO [dbo].[Employee](EmployeeID, Name,LastName,EmployeeAddress,CI,Phone,CivilState,BirthDate,DependenciesAmount,Experience,Gender,ProfileImage,Email)
 VALUES (72,'Patricia','Cimental','Av.Beijing#354',7930395,4554126,'Soltero/a','1988-7-26',1,'Ninguna','Femenino',NULL,'PatCim4554126@gmail.com')
 INSERT INTO [dbo].[Employee](EmployeeID, Name,LastName,EmployeeAddress,CI,Phone,CivilState,BirthDate,DependenciesAmount,Experience,Gender,ProfileImage,Email)
 VALUES (73,'Zoraida','Esquivel','Av.Ustariz#564',7930396,4554127,'Casado/a','1987-9-30',2,'Ninguna','Femenino',NULL,'ZorEsq4554127@gmail.com')
 INSERT INTO [dbo].[Employee](EmployeeID, Name,LastName,EmployeeAddress,CI,Phone,CivilState,BirthDate,DependenciesAmount,Experience,Gender,ProfileImage,Email)
 VALUES (74,'Fernanda','Valesquez','Av.Oquendo#269',7930397,4554128,'Soltero/a','1991-7-10',2,'Ninguna','Femenino',NULL,'FerVal4554128@gmail.com')
 INSERT INTO [dbo].[Employee](EmployeeID, Name,LastName,EmployeeAddress,CI,Phone,CivilState,BirthDate,DependenciesAmount,Experience,Gender,ProfileImage,Email)
 VALUES (75,'Sara','Esteban','Av.San Martin#692',7930398,4554129,'Casado/a','1993-5-9',2,'Ninguna','Femenino',NULL,'SarEst4554129@gmail.com')
 INSERT INTO [dbo].[Employee](EmployeeID, Name,LastName,EmployeeAddress,CI,Phone,CivilState,BirthDate,DependenciesAmount,Experience,Gender,ProfileImage,Email)
 VALUES (76,'Ursula','Benegas','Av.Beijing#744',7930399,4554130,'Viudo/a','1982-3-2',3,'Ninguna','Femenino',NULL,'UrsBen4554130@gmail.com')
 INSERT INTO [dbo].[Employee](EmployeeID, Name,LastName,EmployeeAddress,CI,Phone,CivilState,BirthDate,DependenciesAmount,Experience,Gender,ProfileImage,Email)
 VALUES (77,'Tania','Aboites','Av.America#457',7930400,4554131,'Divorciado/a','1991-8-25',0,'Ninguna','Femenino',NULL,'TanAbo4554131@gmail.com')
 INSERT INTO [dbo].[Employee](EmployeeID, Name,LastName,EmployeeAddress,CI,Phone,CivilState,BirthDate,DependenciesAmount,Experience,Gender,ProfileImage,Email)
 VALUES (78,'Joana','Benito','Av.America#749',7930401,4554132,'Divorciado/a','1982-8-23',0,'Ninguna','Femenino',NULL,'JoaBen4554132@gmail.com')
 INSERT INTO [dbo].[Employee](EmployeeID, Name,LastName,EmployeeAddress,CI,Phone,CivilState,BirthDate,DependenciesAmount,Experience,Gender,ProfileImage,Email)
 VALUES (79,'Felicidad','Abitua','Av.Heroinas#394',7930402,4554133,'Soltero/a','1987-8-14',3,'Ninguna','Femenino',NULL,'FelAbi4554133@gmail.com')
 INSERT INTO [dbo].[Employee](EmployeeID, Name,LastName,EmployeeAddress,CI,Phone,CivilState,BirthDate,DependenciesAmount,Experience,Gender,ProfileImage,Email)
 VALUES (80,'Irene','Samora','Av.Heroinas#897',7930403,4554134,'Divorciado/a','1987-1-24',1,'Ninguna','Femenino',NULL,'IreSam4554134@gmail.com')
 INSERT INTO [dbo].[Employee](EmployeeID, Name,LastName,EmployeeAddress,CI,Phone,CivilState,BirthDate,DependenciesAmount,Experience,Gender,ProfileImage,Email)
 VALUES (81,'Jennifer','Esquivel','Av.America#678',7930404,4554135,'Soltero/a','1994-12-17',3,'Ninguna','Femenino',NULL,'JenEsq4554135@gmail.com')
 INSERT INTO [dbo].[Employee](EmployeeID, Name,LastName,EmployeeAddress,CI,Phone,CivilState,BirthDate,DependenciesAmount,Experience,Gender,ProfileImage,Email)
 VALUES (82,'Claudia','Berber','Av.Beijing#302',7930405,4554136,'Casado/a','1981-12-17',2,'Ninguna','Femenino',NULL,'ClaBer4554136@gmail.com')
 INSERT INTO [dbo].[Employee](EmployeeID, Name,LastName,EmployeeAddress,CI,Phone,CivilState,BirthDate,DependenciesAmount,Experience,Gender,ProfileImage,Email)
 VALUES (83,'Magdalena','Valeriano','Av.Ayacucho#607',7930406,4554137,'Soltero/a','1991-4-30',3,'Ninguna','Femenino',NULL,'MagVal4554137@gmail.com')
 INSERT INTO [dbo].[Employee](EmployeeID, Name,LastName,EmployeeAddress,CI,Phone,CivilState,BirthDate,DependenciesAmount,Experience,Gender,ProfileImage,Email)
 VALUES (84,'Laura','Samano','Av.Pando#213',7930407,4554138,'Soltero/a','1994-11-7',1,'Ninguna','Femenino',NULL,'LauSam4554138@gmail.com')
 INSERT INTO [dbo].[Employee](EmployeeID, Name,LastName,EmployeeAddress,CI,Phone,CivilState,BirthDate,DependenciesAmount,Experience,Gender,ProfileImage,Email)
 VALUES (85,'Tere','Montion','Av.Libertadores#864',7930408,4554139,'Casado/a','1994-8-12',1,'Ninguna','Femenino',NULL,'TerMon4554139@gmail.com')
 INSERT INTO [dbo].[Employee](EmployeeID, Name,LastName,EmployeeAddress,CI,Phone,CivilState,BirthDate,DependenciesAmount,Experience,Gender,ProfileImage,Email)
 VALUES (86,'Vanesa','Esquibel','Av.America#898',7930409,4554140,'Casado/a','1993-12-14',3,'Ninguna','Femenino',NULL,'VanEsq4554140@gmail.com')
 INSERT INTO [dbo].[Employee](EmployeeID, Name,LastName,EmployeeAddress,CI,Phone,CivilState,BirthDate,DependenciesAmount,Experience,Gender,ProfileImage,Email)
VALUES (87,'Elvira','Morelos','Av.Libertadores#850',7930410,4554141,'Casado/a','1987-10-14',3,'Ninguna','Femenino',NULL,'ElvMor4554141@gmail.com')
INSERT INTO [dbo].[Employee](EmployeeID, Name,LastName,EmployeeAddress,CI,Phone,CivilState,BirthDate,DependenciesAmount,Experience,Gender,ProfileImage,Email)
 VALUES (88,'Lidia','Sanabia','Av.Ayacucho#318',7930411,4554142,'Casado/a','1993-2-16',0,'Ninguna','Femenino',NULL,'LidSan4554142@gmail.com')
INSERT INTO [dbo].[Employee](EmployeeID, Name,LastName,EmployeeAddress,CI,Phone,CivilState,BirthDate,DependenciesAmount,Experience,Gender,ProfileImage,Email)
 VALUES (89,'Lea','Cistos','Av.Peru#269',7930412,4554143,'Soltero/a','1995-10-24',2,'Ninguna','Femenino',NULL,'LeaCis4554143@gmail.com')
INSERT INTO [dbo].[Employee](EmployeeID, Name,LastName,EmployeeAddress,CI,Phone,CivilState,BirthDate,DependenciesAmount,Experience,Gender,ProfileImage,Email)
VALUES (90,'Claudia','Vallejo','Av.San Martin#516',7930413,4554144,'Soltero/a','1988-1-11',3,'Ninguna','Femenino',NULL,'ClaVal4554144@gmail.com')
INSERT INTO [dbo].[Employee](EmployeeID, Name,LastName,EmployeeAddress,CI,Phone,CivilState,BirthDate,DependenciesAmount,Experience,Gender,ProfileImage,Email)
VALUES (91,'Amelia','Abendano','Av.Ustariz#244',7930414,4554145,'Soltero/a','1992-4-5',2,'Ninguna','Femenino',NULL,'AmeAbe4554145@gmail.com')
INSERT INTO [dbo].[Employee](EmployeeID, Name,LastName,EmployeeAddress,CI,Phone,CivilState,BirthDate,DependenciesAmount,Experience,Gender,ProfileImage,Email)
VALUES (92,'Miranda','Clemente','Av.Oquendo#104',7930415,4554146,'Viudo/a','1984-8-23',0,'Ninguna','Femenino',NULL,'MirCle4554146@gmail.com')
INSERT INTO [dbo].[Employee](EmployeeID, Name,LastName,EmployeeAddress,CI,Phone,CivilState,BirthDate,DependenciesAmount,Experience,Gender,ProfileImage,Email)
VALUES (93,'Paulina','Montolla','Av.Oquendo#559',7930416,4554147,'Casado/a','1982-2-6',1,'Ninguna','Femenino',NULL,'PauMon4554147@gmail.com')
INSERT INTO [dbo].[Employee](EmployeeID, Name,LastName,EmployeeAddress,CI,Phone,CivilState,BirthDate,DependenciesAmount,Experience,Gender,ProfileImage,Email)
VALUES (94,'Rebeca','Valles','Av.Peru#949',7930417,4554148,'Casado/a','1982-12-26',0,'Ninguna','Femenino',NULL,'RebVal4554148@gmail.com')
INSERT INTO [dbo].[Employee](EmployeeID, Name,LastName,EmployeeAddress,CI,Phone,CivilState,BirthDate,DependenciesAmount,Experience,Gender,ProfileImage,Email)
 VALUES (95,'Luisa','Samarron','Av.America#826',7930418,4554149,'Divorciado/a','1993-5-16',1,'Ninguna','Femenino',NULL,'LuiSam4554149@gmail.com')
INSERT INTO [dbo].[Employee](EmployeeID, Name,LastName,EmployeeAddress,CI,Phone,CivilState,BirthDate,DependenciesAmount,Experience,Gender,ProfileImage,Email)
VALUES (96,'Elena','Bera','Av.Libertadores#566',7930419,4554150,'Casado/a','1987-10-29',0,'Ninguna','Femenino',NULL,'EleBer4554150@gmail.com')
INSERT INTO [dbo].[Employee](EmployeeID, Name,LastName,EmployeeAddress,CI,Phone,CivilState,BirthDate,DependenciesAmount,Experience,Gender,ProfileImage,Email)
 VALUES (97,'Greta','Samudio','Av.Ayacucho#971',7930420,4554151,'Casado/a','1990-9-9',1,'Ninguna','Femenino',NULL,'GreSam4554151@gmail.com')
INSERT INTO [dbo].[Employee](EmployeeID, Name,LastName,EmployeeAddress,CI,Phone,CivilState,BirthDate,DependenciesAmount,Experience,Gender,ProfileImage,Email)
VALUES (98,'Irene','Vallejo','Av.San Martin#191',7930421,4554152,'Soltero/a','1988-4-24',1,'Ninguna','Femenino',NULL,'IreVal4554152@gmail.com')
INSERT INTO [dbo].[Employee](EmployeeID, Name,LastName,EmployeeAddress,CI,Phone,CivilState,BirthDate,DependenciesAmount,Experience,Gender,ProfileImage,Email)
VALUES (99,'Minerva','Espitia','Av.Heroinas#495',7930422,4554153,'Divorciado/a','1993-2-27',3,'Ninguna','Femenino',NULL,'MinEsp4554153@gmail.com')
INSERT INTO [dbo].[Employee](EmployeeID, Name,LastName,EmployeeAddress,CI,Phone,CivilState,BirthDate,DependenciesAmount,Experience,Gender,ProfileImage,Email)
VALUES (100,'Alejandra','Samano','Av.Oquendo#898',7930423,4554154,'Divorciado/a','1993-11-14',3,'Ninguna','Femenino',NULL,'AleSam4554154@gmail.com')
SET IDENTITY_INSERT [dbo].[Employee] off

/*----------------Inicializacion Contratos----------------------------------------*/
SET IDENTITY_INSERT [dbo].[Project_Contract] on

/*-----------------------------------------------------1-----------------------------------------------------------------------*/
INSERT INTO [dbo].[Project_Contract](ProjectContractID, ContractDescription, HireDate, EndDate, Salary, PositionID, EmployeeID, SupervisoID, ProjectID) VALUES (1,'Contrato Basico', '2013-12-1', '2021-12-1',12500,1,1, NULL,1)
INSERT INTO [dbo].[Project_Contract](ProjectContractID, ContractDescription, HireDate, EndDate, Salary, PositionID, EmployeeID, SupervisoID, ProjectID) VALUES (2,'Contrato Basico', '2006-6-13', '2026-6-13',12500,1,2, NULL,1)
INSERT INTO [dbo].[Project_Contract](ProjectContractID, ContractDescription, HireDate, EndDate, Salary, PositionID, EmployeeID, SupervisoID, ProjectID) VALUES (3,'Contrato Basico', '2012-8-27', '2032-8-27',12500,1,3, NULL,2)
INSERT INTO [dbo].[Project_Contract](ProjectContractID, ContractDescription, HireDate, EndDate, Salary, PositionID, EmployeeID, SupervisoID, ProjectID) VALUES (4,'Contrato Basico', '2015-1-15', '2026-1-15',12500,1,4, NULL,2)
/*-----------------------------------------------------2-----------------------------------------------------------------------*/
INSERT INTO [dbo].[Project_Contract](ProjectContractID, ContractDescription, HireDate, EndDate, Salary, PositionID, EmployeeID, SupervisoID, ProjectID) VALUES (5,'Contrato Basico', '2010-5-21', '2021-5-21',7500,2,5, 1,1)
INSERT INTO [dbo].[Project_Contract](ProjectContractID, ContractDescription, HireDate, EndDate, Salary, PositionID, EmployeeID, SupervisoID, ProjectID) VALUES (6,'Contrato Basico', '2013-9-15', '2026-9-15',7500,2,6, 2,1)
INSERT INTO [dbo].[Project_Contract](ProjectContractID, ContractDescription, HireDate, EndDate, Salary, PositionID, EmployeeID, SupervisoID, ProjectID) VALUES (7,'Contrato Basico', '2008-4-10', '2025-4-10',7500,2,7, 3,2)
INSERT INTO [dbo].[Project_Contract](ProjectContractID, ContractDescription, HireDate, EndDate, Salary, PositionID, EmployeeID, SupervisoID, ProjectID) VALUES (8,'Contrato Basico', '2005-9-10', '2026-9-10',7500,2,8, 4,2)
/*-----------------------------------------------------3-----------------------------------------------------------------------*/
INSERT INTO [dbo].[Project_Contract](ProjectContractID, ContractDescription, HireDate, EndDate, Salary, PositionID, EmployeeID, SupervisoID, ProjectID) VALUES (9,'Contrato Basico', '2015-6-8', '2031-6-8',5833,3,9, 5,1)
INSERT INTO [dbo].[Project_Contract](ProjectContractID, ContractDescription, HireDate, EndDate, Salary, PositionID, EmployeeID, SupervisoID, ProjectID) VALUES (10,'Contrato Basico', '2007-5-4', '2031-5-4',5833,3,10, 6,1)
INSERT INTO [dbo].[Project_Contract](ProjectContractID, ContractDescription, HireDate, EndDate, Salary, PositionID, EmployeeID, SupervisoID, ProjectID) VALUES (11,'Contrato Basico', '2015-1-1', '2022-1-1',5833,3,11, 7,2)
INSERT INTO [dbo].[Project_Contract](ProjectContractID, ContractDescription, HireDate, EndDate, Salary, PositionID, EmployeeID, SupervisoID, ProjectID) VALUES (12,'Contrato Basico', '2013-11-26', '2021-11-26',5833,3,12, 8,2)
 /*-----------------------------------------------------4-----------------------------------------------------------------------*/
INSERT INTO [dbo].[Project_Contract](ProjectContractID, ContractDescription, HireDate, EndDate, Salary, PositionID, EmployeeID, SupervisoID, ProjectID) VALUES (13,'Contrato Basico', '2008-1-14', '2024-1-14',5000,4,13, 9,1)
INSERT INTO [dbo].[Project_Contract](ProjectContractID, ContractDescription, HireDate, EndDate, Salary, PositionID, EmployeeID, SupervisoID, ProjectID) VALUES (14,'Contrato Basico', '2016-2-6', '2031-2-6',5000,4,14, 10,1)
INSERT INTO [dbo].[Project_Contract](ProjectContractID, ContractDescription, HireDate, EndDate, Salary, PositionID, EmployeeID, SupervisoID, ProjectID) VALUES (15,'Contrato Basico', '2013-7-9', '2023-7-9',5000,4,15, 11,2)
INSERT INTO [dbo].[Project_Contract](ProjectContractID, ContractDescription, HireDate, EndDate, Salary, PositionID, EmployeeID, SupervisoID, ProjectID) VALUES (16,'Contrato Basico', '2015-10-25', '2020-10-25',5000,4,16, 12,2)
/*-----------------------------------------------------5-----------------------------------------------------------------------*/
INSERT INTO [dbo].[Project_Contract](ProjectContractID, ContractDescription, HireDate, EndDate, Salary, PositionID, EmployeeID, SupervisoID, ProjectID) VALUES (17,'Contrato Basico', '2006-12-8', '2026-12-8',4500,5,17, 9,1)
INSERT INTO [dbo].[Project_Contract](ProjectContractID, ContractDescription, HireDate, EndDate, Salary, PositionID, EmployeeID, SupervisoID, ProjectID) VALUES (18,'Contrato Basico', '2016-6-19', '2024-6-19',4500,5,18, 10,1)
INSERT INTO [dbo].[Project_Contract](ProjectContractID, ContractDescription, HireDate, EndDate, Salary, PositionID, EmployeeID, SupervisoID, ProjectID) VALUES (19,'Contrato Basico', '2006-4-10', '2029-4-10',4500,5,19, 11,2)
 INSERT INTO [dbo].[Project_Contract](ProjectContractID, ContractDescription, HireDate, EndDate, Salary, PositionID, EmployeeID, SupervisoID, ProjectID) VALUES (20,'Contrato Basico', '2016-9-21', '2030-9-21',4500,5,20, 12,2)
 /*-----------------------------------------------------6-----------------------------------------------------------------------*/
INSERT INTO [dbo].[Project_Contract](ProjectContractID, ContractDescription, HireDate, EndDate, Salary, PositionID, EmployeeID, SupervisoID, ProjectID) VALUES (21,'Contrato Basico', '2015-7-27', '2027-7-27',4167,6,21, 13,1)
INSERT INTO [dbo].[Project_Contract](ProjectContractID, ContractDescription, HireDate, EndDate, Salary, PositionID, EmployeeID, SupervisoID, ProjectID) VALUES (22,'Contrato Basico', '2005-10-18', '2021-10-18',4167,6,22, 14,1)
INSERT INTO [dbo].[Project_Contract](ProjectContractID, ContractDescription, HireDate, EndDate, Salary, PositionID, EmployeeID, SupervisoID, ProjectID) VALUES (23,'Contrato Basico', '2015-7-1', '2030-7-1',4167,6,23, 15,1)
INSERT INTO [dbo].[Project_Contract](ProjectContractID, ContractDescription, HireDate, EndDate, Salary, PositionID, EmployeeID, SupervisoID, ProjectID) VALUES (24,'Contrato Basico', '2005-12-12', '2021-12-12',4167,6,24, 16,1)
 INSERT INTO [dbo].[Project_Contract](ProjectContractID, ContractDescription, HireDate, EndDate, Salary, PositionID, EmployeeID, SupervisoID, ProjectID) VALUES (25,'Contrato Basico', '2016-8-13', '2027-8-13',4167,6,25, 13,2)
INSERT INTO [dbo].[Project_Contract](ProjectContractID, ContractDescription, HireDate, EndDate, Salary, PositionID, EmployeeID, SupervisoID, ProjectID) VALUES (26,'Contrato Basico', '2014-11-6', '2030-11-6',4167,6,26, 14,2)
INSERT INTO [dbo].[Project_Contract](ProjectContractID, ContractDescription, HireDate, EndDate, Salary, PositionID, EmployeeID, SupervisoID, ProjectID) VALUES (27,'Contrato Basico', '2016-11-16', '2025-11-16',4167,6,27, 15,2)
INSERT INTO [dbo].[Project_Contract](ProjectContractID, ContractDescription, HireDate, EndDate, Salary, PositionID, EmployeeID, SupervisoID, ProjectID) VALUES (28,'Contrato Basico', '2007-12-22', '2023-12-22',4167,6,28, 16,2)
/*-----------------------------------------------------7-----------------------------------------------------------------------*/
INSERT INTO [dbo].[Project_Contract](ProjectContractID, ContractDescription, HireDate, EndDate, Salary, PositionID, EmployeeID, SupervisoID, ProjectID) VALUES (29,'Contrato Basico', '2009-11-22', '2029-11-22',3929,7,29, 17,1)
INSERT INTO [dbo].[Project_Contract](ProjectContractID, ContractDescription, HireDate, EndDate, Salary, PositionID, EmployeeID, SupervisoID, ProjectID) VALUES (30,'Contrato Basico', '2009-10-30', '2027-10-30',3929,7,30, 18,1)
INSERT INTO [dbo].[Project_Contract](ProjectContractID, ContractDescription, HireDate, EndDate, Salary, PositionID, EmployeeID, SupervisoID, ProjectID) VALUES (31,'Contrato Basico', '2005-4-6', '2026-4-6',3929,7,31, 19,1)
INSERT INTO [dbo].[Project_Contract](ProjectContractID, ContractDescription, HireDate, EndDate, Salary, PositionID, EmployeeID, SupervisoID, ProjectID) VALUES (32,'Contrato Basico', '2005-3-19', '2025-3-19',3929,7,32, 20,1)
INSERT INTO [dbo].[Project_Contract](ProjectContractID, ContractDescription, HireDate, EndDate, Salary, PositionID, EmployeeID, SupervisoID, ProjectID) VALUES (33,'Contrato Basico', '2011-2-23', '2028-2-23',3929,7,33, 17,2)
INSERT INTO [dbo].[Project_Contract](ProjectContractID, ContractDescription, HireDate, EndDate, Salary, PositionID, EmployeeID, SupervisoID, ProjectID) VALUES (34,'Contrato Basico', '2018-3-22', '2030-3-22',3929,7,34, 18,2)
INSERT INTO [dbo].[Project_Contract](ProjectContractID, ContractDescription, HireDate, EndDate, Salary, PositionID, EmployeeID, SupervisoID, ProjectID) VALUES (35,'Contrato Basico', '2010-10-22', '2026-10-22',3929,7,35, 19,2)
INSERT INTO [dbo].[Project_Contract](ProjectContractID, ContractDescription, HireDate, EndDate, Salary, PositionID, EmployeeID, SupervisoID, ProjectID) VALUES (36,'Contrato Basico', '2010-5-28', '2031-5-28',3929,7,36, 20,2)
/*-----------------------------------------------------8-----------------------------------------------------------------------*/
INSERT INTO [dbo].[Project_Contract](ProjectContractID, ContractDescription, HireDate, EndDate, Salary, PositionID, EmployeeID, SupervisoID, ProjectID) VALUES (37,'Contrato Basico', '2015-5-10', '2020-5-10',3750,8,37, 21,1)
INSERT INTO [dbo].[Project_Contract](ProjectContractID, ContractDescription, HireDate, EndDate, Salary, PositionID, EmployeeID, SupervisoID, ProjectID) VALUES (38,'Contrato Basico', '2016-6-10', '2031-6-10',3750,8,38, 22,1)
INSERT INTO [dbo].[Project_Contract](ProjectContractID, ContractDescription, HireDate, EndDate, Salary, PositionID, EmployeeID, SupervisoID, ProjectID) VALUES (39,'Contrato Basico', '2013-10-10', '2021-10-10',3750,8,39, 23,1)
INSERT INTO [dbo].[Project_Contract](ProjectContractID, ContractDescription, HireDate, EndDate, Salary, PositionID, EmployeeID, SupervisoID, ProjectID) VALUES (40,'Contrato Basico', '2012-3-14', '2023-3-14',3750,8,40, 24,1)
INSERT INTO [dbo].[Project_Contract](ProjectContractID, ContractDescription, HireDate, EndDate, Salary, PositionID, EmployeeID, SupervisoID, ProjectID) VALUES (41,'Contrato Basico', '2014-10-16', '2029-10-16',3750,8,41, 25,2)
INSERT INTO [dbo].[Project_Contract](ProjectContractID, ContractDescription, HireDate, EndDate, Salary, PositionID, EmployeeID, SupervisoID, ProjectID) VALUES (42,'Contrato Basico', '2007-8-13', '2025-8-13',3750,8,42, 26,2)
INSERT INTO [dbo].[Project_Contract](ProjectContractID, ContractDescription, HireDate, EndDate, Salary, PositionID, EmployeeID, SupervisoID, ProjectID) VALUES (43,'Contrato Basico', '2016-3-7', '2031-3-7',3750,8,43, 27,2)
INSERT INTO [dbo].[Project_Contract](ProjectContractID, ContractDescription, HireDate, EndDate, Salary, PositionID, EmployeeID, SupervisoID, ProjectID) VALUES (44,'Contrato Basico', '2006-11-12', '2024-11-12',3750,8,44, 28,2)
/*-----------------------------------------------------9-----------------------------------------------------------------------*/
INSERT INTO [dbo].[Project_Contract](ProjectContractID, ContractDescription, HireDate, EndDate, Salary, PositionID, EmployeeID, SupervisoID, ProjectID) VALUES (45,'Contrato Basico', '2010-5-11', '2033-5-11',3611,9,45, 29,1)
INSERT INTO [dbo].[Project_Contract](ProjectContractID, ContractDescription, HireDate, EndDate, Salary, PositionID, EmployeeID, SupervisoID, ProjectID) VALUES (46,'Contrato Basico', '2008-2-2', '2031-2-2',3611,9,46, 30,1)
INSERT INTO [dbo].[Project_Contract](ProjectContractID, ContractDescription, HireDate, EndDate, Salary, PositionID, EmployeeID, SupervisoID, ProjectID) VALUES (47,'Contrato Basico', '2013-11-30', '2020-11-30',3611,9,47, 31,1)
INSERT INTO [dbo].[Project_Contract](ProjectContractID, ContractDescription, HireDate, EndDate, Salary, PositionID, EmployeeID, SupervisoID, ProjectID) VALUES (48,'Contrato Basico', '2010-2-8', '2030-2-8',3611,9,48, 32,1)
INSERT INTO [dbo].[Project_Contract](ProjectContractID, ContractDescription, HireDate, EndDate, Salary, PositionID, EmployeeID, SupervisoID, ProjectID) VALUES (49,'Contrato Basico', '2012-12-4', '2021-12-4',3611,9,49, 33,2)
INSERT INTO [dbo].[Project_Contract](ProjectContractID, ContractDescription, HireDate, EndDate, Salary, PositionID, EmployeeID, SupervisoID, ProjectID) VALUES (50,'Contrato Basico', '2012-9-19', '2027-9-19',3611,9,50, 34,2)
INSERT INTO [dbo].[Project_Contract](ProjectContractID, ContractDescription, HireDate, EndDate, Salary, PositionID, EmployeeID, SupervisoID, ProjectID) VALUES (51,'Contrato Basico', '2015-10-20', '2032-10-20',3611,9,51, 35,2)
INSERT INTO [dbo].[Project_Contract](ProjectContractID, ContractDescription, HireDate, EndDate, Salary, PositionID, EmployeeID, SupervisoID, ProjectID) VALUES (52,'Contrato Basico', '2011-8-3', '2025-8-3',3611,9,52, 36,2)
/*-----------------------------------------------------10-----------------------------------------------------------------------*/
INSERT INTO [dbo].[Project_Contract](ProjectContractID, ContractDescription, HireDate, EndDate, Salary, PositionID, EmployeeID, SupervisoID, ProjectID) VALUES (53,'Contrato Basico', '2017-7-11', '2031-7-11',3500,10,53, 37,1)
INSERT INTO [dbo].[Project_Contract](ProjectContractID, ContractDescription, HireDate, EndDate, Salary, PositionID, EmployeeID, SupervisoID, ProjectID) VALUES (54,'Contrato Basico', '2008-2-5', '2029-2-5',3500,10,54, 38,1)
INSERT INTO [dbo].[Project_Contract](ProjectContractID, ContractDescription, HireDate, EndDate, Salary, PositionID, EmployeeID, SupervisoID, ProjectID) VALUES (55,'Contrato Basico', '2014-8-17', '2024-8-17',3500,10,55, 39,1)
INSERT INTO [dbo].[Project_Contract](ProjectContractID, ContractDescription, HireDate, EndDate, Salary, PositionID, EmployeeID, SupervisoID, ProjectID) VALUES (56,'Contrato Basico', '2011-6-14', '2025-6-14',3500,10,56, 40,1)
INSERT INTO [dbo].[Project_Contract](ProjectContractID, ContractDescription, HireDate, EndDate, Salary, PositionID, EmployeeID, SupervisoID, ProjectID) VALUES (57,'Contrato Basico', '2012-8-8', '2026-8-8',3500,10,57, 41,2)
INSERT INTO [dbo].[Project_Contract](ProjectContractID, ContractDescription, HireDate, EndDate, Salary, PositionID, EmployeeID, SupervisoID, ProjectID) VALUES (58,'Contrato Basico', '2005-1-24', '2025-1-24',3500,10,58, 42,2)
INSERT INTO [dbo].[Project_Contract](ProjectContractID, ContractDescription, HireDate, EndDate, Salary, PositionID, EmployeeID, SupervisoID, ProjectID) VALUES (59,'Contrato Basico', '2017-6-17', '2026-6-17',3500,10,59, 43,2)
INSERT INTO [dbo].[Project_Contract](ProjectContractID, ContractDescription, HireDate, EndDate, Salary, PositionID, EmployeeID, SupervisoID, ProjectID) VALUES (60,'Contrato Basico', '2015-11-18', '2025-11-18',3500,10,60, 44,2)
/*-----------------------------------------------------11-----------------------------------------------------------------------*/
INSERT INTO [dbo].[Project_Contract](ProjectContractID, ContractDescription, HireDate, EndDate, Salary, PositionID, EmployeeID, SupervisoID, ProjectID) VALUES (61,'Contrato Basico', '2017-5-23', '2029-5-23',3409,11,61, 45,1)
 INSERT INTO [dbo].[Project_Contract](ProjectContractID, ContractDescription, HireDate, EndDate, Salary, PositionID, EmployeeID, SupervisoID, ProjectID) VALUES (62,'Contrato Basico', '2009-11-29', '2025-11-29',3409,11,62, 46,1)
 INSERT INTO [dbo].[Project_Contract](ProjectContractID, ContractDescription, HireDate, EndDate, Salary, PositionID, EmployeeID, SupervisoID, ProjectID) VALUES (63,'Contrato Basico', '2009-7-13', '2025-7-13',3409,11,63, 47,1)
 INSERT INTO [dbo].[Project_Contract](ProjectContractID, ContractDescription, HireDate, EndDate, Salary, PositionID, EmployeeID, SupervisoID, ProjectID) VALUES (64,'Contrato Basico', '2011-8-11', '2033-8-11',3409,11,64, 48,1)
 INSERT INTO [dbo].[Project_Contract](ProjectContractID, ContractDescription, HireDate, EndDate, Salary, PositionID, EmployeeID, SupervisoID, ProjectID) VALUES (65,'Contrato Basico', '2006-2-18', '2033-2-18',3409,11,65, 49,2)
 INSERT INTO [dbo].[Project_Contract](ProjectContractID, ContractDescription, HireDate, EndDate, Salary, PositionID, EmployeeID, SupervisoID, ProjectID) VALUES (66,'Contrato Basico', '2005-11-20', '2024-11-20',3409,11,66, 50,2)
 INSERT INTO [dbo].[Project_Contract](ProjectContractID, ContractDescription, HireDate, EndDate, Salary, PositionID, EmployeeID, SupervisoID, ProjectID) VALUES (67,'Contrato Basico', '2010-11-18', '2025-11-18',3409,11,67, 51,2)
 INSERT INTO [dbo].[Project_Contract](ProjectContractID, ContractDescription, HireDate, EndDate, Salary, PositionID, EmployeeID, SupervisoID, ProjectID) VALUES (68,'Contrato Basico', '2010-7-21', '2027-7-21',3409,11,68, 52,2)
 /*-----------------------------------------------------12-----------------------------------------------------------------------*/
 INSERT INTO [dbo].[Project_Contract](ProjectContractID, ContractDescription, HireDate, EndDate, Salary, PositionID, EmployeeID, SupervisoID, ProjectID) VALUES (69,'Contrato Basico', '2016-1-5', '2025-1-5',3333,12,69, 61,1)
 INSERT INTO [dbo].[Project_Contract](ProjectContractID, ContractDescription, HireDate, EndDate, Salary, PositionID, EmployeeID, SupervisoID, ProjectID) VALUES (70,'Contrato Basico', '2009-8-20', '2032-8-20',3333,12,70, 62,1)
 INSERT INTO [dbo].[Project_Contract](ProjectContractID, ContractDescription, HireDate, EndDate, Salary, PositionID, EmployeeID, SupervisoID, ProjectID) VALUES (71,'Contrato Basico', '2018-5-10', '2031-5-10',3333,12,71, 63,1)
 INSERT INTO [dbo].[Project_Contract](ProjectContractID, ContractDescription, HireDate, EndDate, Salary, PositionID, EmployeeID, SupervisoID, ProjectID) VALUES (72,'Contrato Basico', '2014-3-9', '2029-3-9',3333,12,72, 64,1)
INSERT INTO [dbo].[Project_Contract](ProjectContractID, ContractDescription, HireDate, EndDate, Salary, PositionID, EmployeeID, SupervisoID, ProjectID) VALUES (73,'Contrato Basico', '2005-12-14', '2027-12-14',3333,12,73, 65,2)
 INSERT INTO [dbo].[Project_Contract](ProjectContractID, ContractDescription, HireDate, EndDate, Salary, PositionID, EmployeeID, SupervisoID, ProjectID) VALUES (74,'Contrato Basico', '2016-5-1', '2025-5-1',3333,12,74, 66,2)
 INSERT INTO [dbo].[Project_Contract](ProjectContractID, ContractDescription, HireDate, EndDate, Salary, PositionID, EmployeeID, SupervisoID, ProjectID) VALUES (75,'Contrato Basico', '2018-5-27', '2030-5-27',3333,12,75, 67,2)
 INSERT INTO [dbo].[Project_Contract](ProjectContractID, ContractDescription, HireDate, EndDate, Salary, PositionID, EmployeeID, SupervisoID, ProjectID) VALUES (76,'Contrato Basico', '2017-12-11', '2031-12-11',3333,12,76, 68,2)
/*-----------------------------------------------------13-----------------------------------------------------------------------*/
INSERT INTO [dbo].[Project_Contract](ProjectContractID, ContractDescription, HireDate, EndDate, Salary, PositionID, EmployeeID, SupervisoID, ProjectID) VALUES (77,'Contrato Basico', '2014-9-2', '2020-9-2',3269,13,77, 69,1)
INSERT INTO [dbo].[Project_Contract](ProjectContractID, ContractDescription, HireDate, EndDate, Salary, PositionID, EmployeeID, SupervisoID, ProjectID) VALUES (78,'Contrato Basico', '2012-6-22', '2033-6-22',3269,13,78, 70,1)
INSERT INTO [dbo].[Project_Contract](ProjectContractID, ContractDescription, HireDate, EndDate, Salary, PositionID, EmployeeID, SupervisoID, ProjectID) VALUES (79,'Contrato Basico', '2006-7-13', '2028-7-13',3269,13,79, 71,1)
INSERT INTO [dbo].[Project_Contract](ProjectContractID, ContractDescription, HireDate, EndDate, Salary, PositionID, EmployeeID, SupervisoID, ProjectID) VALUES (80,'Contrato Basico', '2008-5-9', '2028-5-9',3269,13,80, 72,1)
INSERT INTO [dbo].[Project_Contract](ProjectContractID, ContractDescription, HireDate, EndDate, Salary, PositionID, EmployeeID, SupervisoID, ProjectID) VALUES (81,'Contrato Basico', '2015-2-7', '2020-2-7',3269,13,81, 73,2)
INSERT INTO [dbo].[Project_Contract](ProjectContractID, ContractDescription, HireDate, EndDate, Salary, PositionID, EmployeeID, SupervisoID, ProjectID) VALUES (82,'Contrato Basico', '2015-10-28', '2032-10-28',3269,13,82, 74,2)
INSERT INTO [dbo].[Project_Contract](ProjectContractID, ContractDescription, HireDate, EndDate, Salary, PositionID, EmployeeID, SupervisoID, ProjectID) VALUES (83,'Contrato Basico', '2011-7-25', '2033-7-25',3269,13,83, 75,2)
INSERT INTO [dbo].[Project_Contract](ProjectContractID, ContractDescription, HireDate, EndDate, Salary, PositionID, EmployeeID, SupervisoID, ProjectID) VALUES (84,'Contrato Basico', '2014-2-17', '2029-2-17',3269,13,84, 76,2)
/*-----------------------------------------------------14-----------------------------------------------------------------------*/
 INSERT INTO [dbo].[Project_Contract](ProjectContractID, ContractDescription, HireDate, EndDate, Salary, PositionID, EmployeeID, SupervisoID, ProjectID) VALUES (85,'Contrato Basico', '2011-7-30', '2024-7-30',3214,14,85, 77,1)
INSERT INTO [dbo].[Project_Contract](ProjectContractID, ContractDescription, HireDate, EndDate, Salary, PositionID, EmployeeID, SupervisoID, ProjectID) VALUES (86,'Contrato Basico', '2006-10-21', '2022-10-21',3214,14,86, 78,1)
INSERT INTO [dbo].[Project_Contract](ProjectContractID, ContractDescription, HireDate, EndDate, Salary, PositionID, EmployeeID, SupervisoID, ProjectID) VALUES (87,'Contrato Basico', '2014-6-6', '2029-6-6',3214,14,87, 79,1)
 INSERT INTO [dbo].[Project_Contract](ProjectContractID, ContractDescription, HireDate, EndDate, Salary, PositionID, EmployeeID, SupervisoID, ProjectID) VALUES (88,'Contrato Basico', '2007-3-29', '2020-3-29',3214,14,88, 80,1)
INSERT INTO [dbo].[Project_Contract](ProjectContractID, ContractDescription, HireDate, EndDate, Salary, PositionID, EmployeeID, SupervisoID, ProjectID) VALUES (89,'Contrato Basico', '2016-7-2', '2028-7-2',3214,14,89, 81,2)
 INSERT INTO [dbo].[Project_Contract](ProjectContractID, ContractDescription, HireDate, EndDate, Salary, PositionID, EmployeeID, SupervisoID, ProjectID) VALUES (90,'Contrato Basico', '2017-10-18', '2022-10-18',3214,14,90, 82,2)
 INSERT INTO [dbo].[Project_Contract](ProjectContractID, ContractDescription, HireDate, EndDate, Salary, PositionID, EmployeeID, SupervisoID, ProjectID) VALUES (91,'Contrato Basico', '2005-3-19', '2030-3-19',3214,14,91, 83,2)
 INSERT INTO [dbo].[Project_Contract](ProjectContractID, ContractDescription, HireDate, EndDate, Salary, PositionID, EmployeeID, SupervisoID, ProjectID) VALUES (92,'Contrato Basico', '2016-7-23', '2033-7-23',3214,14,92, 84,2)
/*-----------------------------------------------------15-----------------------------------------------------------------------*/
INSERT INTO [dbo].[Project_Contract](ProjectContractID, ContractDescription, HireDate, EndDate, Salary, PositionID, EmployeeID, SupervisoID, ProjectID) VALUES (93,'Contrato Basico', '2015-7-13', '2020-7-13',3167,15,93, 85,1)
INSERT INTO [dbo].[Project_Contract](ProjectContractID, ContractDescription, HireDate, EndDate, Salary, PositionID, EmployeeID, SupervisoID, ProjectID) VALUES (94,'Contrato Basico', '2018-7-2', '2029-7-2',3167,15,94, 86,1)
INSERT INTO [dbo].[Project_Contract](ProjectContractID, ContractDescription, HireDate, EndDate, Salary, PositionID, EmployeeID, SupervisoID, ProjectID) VALUES (95,'Contrato Basico', '2007-7-9', '2020-7-9',3167,15,95, 87,1)
INSERT INTO [dbo].[Project_Contract](ProjectContractID, ContractDescription, HireDate, EndDate, Salary, PositionID, EmployeeID, SupervisoID, ProjectID) VALUES (96,'Contrato Basico', '2013-9-29', '2024-9-29',3167,15,96, 88,1)
INSERT INTO [dbo].[Project_Contract](ProjectContractID, ContractDescription, HireDate, EndDate, Salary, PositionID, EmployeeID, SupervisoID, ProjectID) VALUES (97,'Contrato Basico', '2018-1-22', '2025-1-22',3167,15,97, 89,2)
INSERT INTO [dbo].[Project_Contract](ProjectContractID, ContractDescription, HireDate, EndDate, Salary, PositionID, EmployeeID, SupervisoID, ProjectID) VALUES (98,'Contrato Basico', '2007-10-22', '2027-10-22',3167,15,98, 90,2)
INSERT INTO [dbo].[Project_Contract](ProjectContractID, ContractDescription, HireDate, EndDate, Salary, PositionID, EmployeeID, SupervisoID, ProjectID) VALUES (99,'Contrato Basico', '2007-8-25', '2027-8-25',3167,15,99, 91,2)
INSERT INTO [dbo].[Project_Contract](ProjectContractID, ContractDescription, HireDate, EndDate, Salary, PositionID, EmployeeID, SupervisoID, ProjectID) VALUES (100,'Contrato Basico', '2008-12-16', '2020-12-16',3167,15,100, 92,2)

SET IDENTITY_INSERT [dbo].[Project_Contract] off
